,CamName,dist.shrub,radius,count_2m,rich_2m
1,4F,0.127439312,2,16,3
2,4E,0.519338542,2,4,2
3,4B,1.125838313,2,7,3
4,4C,0.901932808,2,1,1
5,4A,0.292228071,2,11,6
6,4D,0.867731813,2,2,2
7,5E,1.020643547,2,1,1
8,5C,0.932550883,2,1,1
9,5D,0.556886994,2,6,4
10,5B,0.327883959,2,4,2
11,5A,0.641906499,2,7,3
12,6A,1.791902874,2,3,2
13,6C,1.062619327,2,1,1
14,6B,1.061793945,2,3,2
15,6E,0.905985158,2,2,2
16,6D,1.242823499,2,1,1
